{"b_0":[0,0,-0.03734063357114792,0,-0.28453299403190613,0],"b_2":[0],"b_1":[0,0,0,0],"W_1":[0.11848204205104518,0.6333008414235994,0.2699369742208948,-0.16588891116217652,-0.23811171335168668,-0.5051736131783081,-0.10677281572585329,-0.29367222243509483,0.24688128176958457,0.34490751006293685,0.3583899917653277,-0.14111801177944494,0.47492725384113743,0.294727414849262,-0.22322580008862025,-0.2203617814982951,0.24692141952629187,-0.3765479803308389,-0.4975845647926478,0.22214164463177144,0.06521098936027747,0.39759993887214284,0.28642266787531356,0.17745698182573122],"W_0":[-0.011301400637350745,0.4565492679158193,-0.0359712432378918,0.18657379683280095,-0.48397146591303,0.2928373372617269,0.1340546966607895,0.38031041243596175,-0.05628569154379892,0.42015259085736656,0.38295467794078764,-0.2687075816887524,0.2248611865316742,-0.38756949181310496,-0.2938615848190279,0.10204272873207054,0.6741759944164006,-0.4367753941229441],"W_2":[0.46402499975055655,0.1676503804404348,-0.4101412569124032,-0.391175518960317],"structure":[3,6,4,1]}
