{"b_0": [0.13940699430681847, 0.6437664402976443, 0.29961187455451566, 0.310669434196031, 0.034207555325149935, -0.058725668222085664], "b_1": [-0.502910985838747, -0.006275141402424409, 0.0, -0.6120902748207097], "b_2": [0.789357791227791], "W_0": [0.24563312407153776, -0.49623755376551043, 0.7485870955681153, 0.06957086604475117, 0.09457207086773864, -0.6301869470586012, -2.0184012617816554, -1.5105621848719657, -1.1877300273412472, -0.20386169497195897, -1.0266744289188416, -0.11676393469763044, -1.403645376060299, -1.3524080562268053, -0.13285368858360871, -1.907255111761947, 0.6803907378212779, -0.5036229176130642], "W_1": [-1.247097748273603, 0.394688745575826, -0.28236931947280786, -1.9128953211480648, 1.0669504780790573, -0.26813963254445766, -0.16197394907446114, 1.1426225617743555, 0.5378181433905052, 0.054841233848415424, -0.2805370800772633, 1.0990883833919998, 1.1023493523312382, -0.38579284790359575, -0.345053758232265, 0.8505997951288519, 0.9610571658703974, -0.10792213198537892, -0.2740350853946139, 0.4827400813936846, 0.22956183002151395, 0.21651671263402864, -0.005170300858051969, -0.34425241214676566], "W_2": [-2.21621345539733, 0.8565623930402237, 0.025403877388014483, -2.6110684024491717], "structure": [3, 6, 4, 1]}