{"b_0":[0.21340496838092804,0,0,0,0,0],"b_2":[0],"b_1":[0,0,0,0],"W_1":[-0.2970155542657493,-0.0225195368412634,0.26108314696090407,0.36419327635063814,0.0866972167163561,0.43179015107861185,0.48601069046850665,0.13852740490692594,0.16542007902947797,-0.4983589875586969,-0.10800618706274112,0.45833205393285126,0.13048515751868106,0.43861779522430566,-0.47406805831575116,-0.21085240117080783,-0.48040020028011854,-0.4837623641186143,0.10193395240180869,-0.2692792210023073,0.48354449198579996,0.18185134505414757,-0.24399026732498508,-0.3528450986006324],"W_0":[0.26460350545756917,0.14498952757410266,-0.08776312654201024,-0.07507567938364934,0.22878508088613203,-0.10463450344949232,-0.4153072249776113,0.0053733790320239505,-0.3386087330146176,0.44596016151741236,-0.4676000546220863,-0.28686146369346643,0.33451237524105426,-0.4769695488683129,-0.5617078707880393,0.36117474157995344,-0.04081020128260282,-0.21893306998476858],"W_2":[-0.29528214874630876,0.3893007473437007,-0.3971817771677316,-0.48933962858592983],"structure":[3,6,4,1]}
